{
  "project_info": {
    "project_number": "992162850266",
    "project_id": "tugas11-1365f",
    "storage_bucket": "tugas11-1365f.appspot.com"
  },
  "client": [
    {
      "client_info": {
        "mobilesdk_app_id": "1:992162850266:android:8c179dc043a2359e8f0ce3",
        "android_client_info": {
          "package_name": "com.example.tugas11"
        }
      },
      "oauth_client": [
        {
          "client_id": "992162850266-nag70qo86ckrpn3cetqv7653v2c9ajel.apps.googleusercontent.com",
          "client_type": 1,
          "android_info": {
            "package_name": "com.example.tugas11",
            "certificate_hash": "f5526d2d8cebbeb87c5185117e06421757bd2de5"
          }
        },
        {
          "client_id": "992162850266-k9mc0g64nqlnn5kt165pcrprtjogcak4.apps.googleusercontent.com",
          "client_type": 3
        }
      ],
      "api_key": [
        {
          "current_key": "AIzaSyAITUCX0a5eFK1-5O1OgS-S3Q8p9ej8_ho"
        }
      ],
      "services": {
        "appinvite_service": {
          "other_platform_oauth_client": [
            {
              "client_id": "992162850266-k9mc0g64nqlnn5kt165pcrprtjogcak4.apps.googleusercontent.com",
              "client_type": 3
            }
          ]
        }
      }
    }
  ],
  "configuration_version": "1"
}